Value,Degree,Precision
4,2,0.00001
81,4,0.00001
0.008,3,0.00001
1024,10,0.00001
